{"cameraMode":{"drawMode":0,"name":"Shaded","section":"Shading Mode"},"sceneLighting":true,"audioPlay":false,"sceneViewState":{"showFog":false,"showMaterialUpdate":false,"showSkybox":false,"showFlares":false,"showImageEffects":false,"showParticleSystems":false},"in2DMode":false,"pivot":{"x":-54.436767578125,"y":43.00885009765625,"z":89.99999237060547},"rotation":{"x":0.002350520109757781,"y":-0.1069648489356041,"z":0.00021477714471984655,"w":0.9942830204963684},"size":15.397043228149414,"orthographic":true}