{"cameraMode":{"drawMode":0,"name":"Shaded","section":"Shading Mode"},"sceneLighting":true,"audioPlay":false,"sceneViewState":{"showFog":false,"showMaterialUpdate":false,"showSkybox":false,"showFlares":false,"showImageEffects":false,"showParticleSystems":false},"in2DMode":false,"pivot":{"x":-48.00000762939453,"y":-170.36801147460938,"z":90.0},"rotation":{"x":0.0038407971151173116,"y":-0.10994675755500794,"z":0.00038676278200000525,"w":0.9939529895782471},"size":2028.484130859375,"orthographic":true}