{"cameraMode":{"drawMode":0,"name":"Shaded","section":"Shading Mode"},"sceneLighting":true,"audioPlay":false,"sceneViewState":{"showFog":false,"showMaterialUpdate":false,"showSkybox":false,"showFlares":false,"showImageEffects":false,"showParticleSystems":false},"in2DMode":false,"pivot":{"x":0.0,"y":0.16461181640625,"z":-38.39073181152344},"rotation":{"x":0.005397689063102007,"y":0.008999939076602459,"z":-0.00004783711119671352,"w":0.9999486207962036},"size":1418.743408203125,"orthographic":true}