{"cameraMode":{"drawMode":0,"name":"Shaded","section":"Shading Mode"},"sceneLighting":false,"audioPlay":false,"sceneViewState":{"showFog":true,"showMaterialUpdate":false,"showSkybox":false,"showFlares":true,"showImageEffects":true,"showParticleSystems":true},"in2DMode":false,"pivot":{"x":0.0,"y":0.15710066258907319,"z":-2.421438694000244e-8},"rotation":{"x":-0.12386529892683029,"y":0.8616535067558289,"z":-0.2527332007884979,"w":-0.4222995638847351},"size":0.17764945328235627,"orthographic":false}